New Tree Number,Tree Number,Site,Seed Zone,Date Measured,Tree Height (cm),Tree Diameter (mm),Health,Comment,Year Measured,Elk Browse
,227,Puyallup,OR,6/18/2024,,,,,2024,
,228,Puyallup,OR,6/18/2024,,,,,2024,
,231,Puyallup,OR,6/18/2024,,,,,2024,
,232,Puyallup,OR,6/18/2024,,,,,2024,
,234,Puyallup,OR,6/18/2024,,,,,2024,
,235,Puyallup,OR,6/18/2024,,,,,2024,
,236,Puyallup,OR,6/18/2024,,,,,2024,
,237,Puyallup,OR,6/18/2024,,,,,2024,
,238,Puyallup,OR,6/18/2024,,,,,2024,
,239,Puyallup,OR,6/18/2024,,,,,2024,
,240,Puyallup,OR,6/18/2024,,,,,2024,
,241,Puyallup,OR,6/18/2024,,,,,2024,
,242,Puyallup,OR,6/18/2024,,,,,2024,
,243,Puyallup,OR,6/18/2024,,,,,2024,
,244,Puyallup,OR,6/18/2024,,,,,2024,
,245,Puyallup,OR,6/18/2024,,,,,2024,
,246,Puyallup,OR,6/18/2024,,,,,2024,
,226,Puyallup,WA,6/18/2024,,,,,2024,
,227,Puyallup,WA,6/18/2024,,,,,2024,
,228,Puyallup,WA,6/18/2024,,,,,2024,
,230,Puyallup,WA,6/18/2024,,,,,2024,
,231,Puyallup,WA,6/18/2024,,,,,2024,
,232,Puyallup,WA,6/18/2024,,,,,2024,
,233,Puyallup,WA,6/18/2024,,,,,2024,
,235,Puyallup,WA,6/18/2024,,,,,2024,
,236,Puyallup,WA,6/18/2024,,,,,2024,
,237,Puyallup,WA,6/18/2024,,,,,2024,
,238,Puyallup,WA,6/18/2024,,,,,2024,
,239,Puyallup,WA,6/18/2024,,,,,2024,
,240,Puyallup,WA,6/18/2024,,,,,2024,
,241,Puyallup,WA,6/18/2024,,,,,2024,
,242,Puyallup,WA,6/18/2024,,,,,2024,
,243,Puyallup,WA,6/18/2024,,,,,2024,
,244,Puyallup,WA,6/18/2024,,,,,2024,
,245,Puyallup,WA,6/18/2024,,,,,2024,
,246,Puyallup,WA,6/18/2024,,,,,2024,
,247,Puyallup,WA,6/18/2024,,,,,2024,
,249,Puyallup,WA,6/18/2024,,,,,2024,
,250,Puyallup,WA,6/18/2024,,,,,2024,
,251,Puyallup,WA,6/18/2024,,,,,2024,
,252,Puyallup,WA,6/18/2024,,,,,2024,
,253,Puyallup,WA,6/18/2024,,,,,2024,
,254,Puyallup,WA,6/18/2024,,,,,2024,
,255,Puyallup,WA,6/18/2024,,,,,2024,
,256,Puyallup,WA,6/18/2024,,,,,2024,
,257,Puyallup,WA,6/18/2024,,,,,2024,
,258,Puyallup,WA,6/18/2024,,,,,2024,
,259,Puyallup,WA,6/18/2024,,,,,2024,
,260,Puyallup,WA,6/18/2024,,,,,2024,
,261,Puyallup,WA,6/18/2024,,,,,2024,
,262,Puyallup,WA,6/18/2024,,,,,2024,
,263,Puyallup,WA,6/18/2024,,,,,2024,
,264,Puyallup,WA,6/18/2024,,,,,2024,
,265,Puyallup,WA,6/18/2024,,,,,2024,
,266,Puyallup,WA,6/18/2024,,,,,2024,
,267,Puyallup,WA,6/18/2024,,,,,2024,
,268,Puyallup,WA,6/18/2024,,,,,2024,
,269,Puyallup,WA,6/18/2024,,,,,2024,
,271,Puyallup,WA,6/18/2024,,,,,2024,
,272,Puyallup,WA,6/18/2024,,,,,2024,
,274,Puyallup,WA,6/18/2024,,,,,2024,
,275,Puyallup,WA,6/18/2024,,,,,2024,
,276,Puyallup,WA,6/18/2024,,,,,2024,
144,176,Renton,OR,6/18/2024,128,16.7,Alive,,2024,
146,177,Renton,OR,6/18/2024,85,12.6,Alive,,2024,
148,178,Renton,OR,6/18/2024,126,18.4,Alive,,2024,
150,179,Renton,OR,6/18/2024,98,13.7,Alive,,2024,
152,180,Renton,OR,6/18/2024,105,16.9,Alive,,,
153,181,Renton,OR,6/18/2024,108,13.9,Alive,,2024,
155,182,Renton,OR,6/18/2024,104,16.7,Alive,,2024,
157,183,Renton,OR,6/18/2024,87,14.7,Dying,Brown bottom half,2024,
159,184,Renton,OR,6/18/2024,111,12.1,Alive,,2024,
161,185,Renton,OR,6/18/2024,99,13.4,Alive,,2024,
162,186,Renton,OR,6/18/2024,119,13.2,Alive,,2024,
163,187,Renton,OR,6/18/2024,118,16.6,Alive,,2024,
165,188,Renton,OR,6/18/2024,86,13.1,Alive,,2024,
167,189,Renton,OR,6/18/2024,56,10.6,Dying,Browsed top 1/2,2024,
169,190,Renton,OR,6/18/2024,43,8.7,Dying,Browsed top 1/2,2024,
170,191,Renton,OR,6/18/2024,43,11.4,Dying,Browsed top half,2024,
172,192,Renton,OR,6/18/2024,113,17.1,Alive,,2024,
173,193,Renton,OR,6/18/2024,49,12.7,Dying,Browsed top 1/2,2024,
174,194,Renton,OR,6/18/2024,44,14.5,Dying,Browsed top 1/2,2024,
175,195,Renton,OR,6/18/2024,43,13.5,Dying,Browsed top 1/2,2024,
177,196,Renton,OR,6/18/2024,46,14.8,Alive,Browsed top 1/2,2024,
179,197,Renton,OR,6/18/2024,50,14.4,Alive,Browsed top 1/2,2024,
182,198,Renton,OR,6/18/2024,42,12.9,Dying,Browsed top half,2024,
184,199,Renton,OR,6/18/2024,84,10.9,Dying,Yellow/browning bottom half,2024,
186,200,Renton,OR,6/18/2024,51,13.1,Dying,Browsed bottom 1/2,2024,
188,201,Renton,OR,6/18/2024,54,12.9,Dying,Browsed top 1/2,2024,
190,202,Renton,OR,6/18/2024,119,16.5,Alive,,2024,
191,203,Renton,OR,6/18/2024,47,10.1,Dying,Browsed top 1/2,2024,
193,204,Renton,OR,6/18/2024,54,10.9,Alive,Browsed top 1/2,2024,
194,206,Renton,OR,6/18/2024,50,8.3,Alive,Browsed top 1/2,2024,
196,207,Renton,OR,6/18/2024,54,10.6,Dying,Browsed top 1/2,2024,
198,208,Renton,OR,6/18/2024,142,15,Alive,,2024,
200,209,Renton,OR,6/18/2024,56,12.4,Alive,,2024,
202,210,Renton,OR,6/18/2024,119,15.6,Alive,,2024,
204,211,Renton,OR,6/18/2024,73,13,Dying,Browsed top 1/2,2024,
205,212,Renton,OR,6/18/2024,50,8,Dying,Browsed top 1/2,2024,
207,213,Renton,OR,6/18/2024,46,10.3,Dying,Browsed top 1/2,2024,
208,214,Renton,OR,6/18/2024,56,10.3,Alive,Browsed top 1/2,2024,
212,215,Renton,OR,6/18/2024,58,12.7,Alive,Browsed top 1/2,2024,
214,216,Renton,OR,6/18/2024,59,13.7,Dying,Browsed top 1/2,2024,
217,217,Renton,OR,6/18/2024,144,16.9,Alive,,2024,
218,218,Renton,OR,6/18/2024,47,12.9,Dying,Browsed top 1/2,2024,
220,219,Renton,OR,6/18/2024,51,11.4,Alive,Browsed top 1/2,2024,
222,220,Renton,OR,6/18/2024,45,13.1,Alive,Browsed top 1/2,2024,
224,221,Renton,OR,6/18/2024,119,13.2,Alive,,2024,
226,222,Renton,OR,6/18/2024,144,18.8,Alive,,2024,
228,223,Renton,OR,6/18/2024,52,13.4,Alive,"No tag, orange flagging, browsed top",2024,
230,224,Renton,OR,6/18/2024,53,13.6,Alive,browsed top 1/2,2024,
231,225,Renton,OR,6/18/2024,118,15.1,Alive,,2024,
236,226,Renton,OR,6/18/2024,47,14.8,Alive,Browsed top half,2024,
143,176,Renton,WA,6/18/2024,130,19.3,Alive,Damage on trunk,2024,
145,177,Renton,WA,6/18/2024,124,20.4,Alive,,2024,
147,178,Renton,WA,6/18/2024,116,16.4,Alive,Blackberry growing under tree,2024,
149,179,Renton,WA,6/18/2024,112,13.7,Alive,,2024,
151,180,Renton,WA,6/18/2024,133,17.9,Alive,,2024,
154,181,Renton,WA,6/18/2024,150,17.6,Alive,,2024,
156,182,Renton,WA,6/18/2024,178,25.9,Alive,,2024,
158,183,Renton,WA,6/18/2024,148,23.2,Alive,,2024,
160,184,Renton,WA,6/18/2024,160,22.7,Alive,,2024,
,185,Renton,WA,6/18/2024,,,,,2024,
164,186,Renton,WA,6/18/2024,129,13.5,Alive,,2024,
166,187,Renton,WA,6/18/2024,126,17.6,Alive,,2024,
168,188,Renton,WA,6/18/2024,99,16.4,Dying,Dead top 1/2,2024,
171,189,Renton,WA,6/18/2024,113,14.4,Alive,,2024,
176,190,Renton,WA,6/18/2024,150,18.7,Alive,,2024,
178,191,Renton,WA,6/18/2024,129,14.4,Alive,,2024,
180,192,Renton,WA,6/18/2024,129,22.8,Alive,,2024,
181,193,Renton,WA,6/18/2024,129,22.8,Alive,,2024,
183,194,Renton,WA,6/18/2024,48,10,Dying,Browsed top 1/2,2024,
185,195,Renton,WA,6/18/2024,120,15.2,Alive,,2024,
187,196,Renton,WA,6/18/2024,136,21.8,Alive,,2024,
189,197,Renton,WA,6/18/2024,125,15.8,Alive,,2024,
,198,Renton,WA,6/18/2024,,,,,2024,
,199,Renton,WA,6/18/2024,,,,,2024,
192,200,Renton,WA,6/18/2024,126,15.6,Alive,,2024,
195,201,Renton,WA,6/18/2024,156,17.6,Alive,,2024,
197,202,Renton,WA,6/18/2024,151,23.3,Alive,,2024,
199,203,Renton,WA,6/18/2024,109,12.3,Alive,Browsed top 1/2,2024,
201,204,Renton,WA,6/18/2024,117,15.4,Alive,,2024,
203,205,Renton,WA,6/18/2024,121,18.6,Alive,,2024,
206,206,Renton,WA,6/18/2024,121,13.8,Alive,,2024,
209,207,Renton,WA,6/18/2024,135,16.2,Alive,,2024,
210,208,Renton,WA,6/18/2024,164,20.3,Alive,,2024,
211,209,Renton,WA,6/18/2024,53,12.8,Dying,Browsed top 1/2,2024,
213,210,Renton,WA,6/18/2024,141,16.2,Alive,,2024,
215,211,Renton,WA,6/18/2024,149,20.3,Alive,,2024,
216,212,Renton,WA,6/18/2024,134,17.2,Alive,,2024,
219,213,Renton,WA,6/18/2024,107,16.1,Alive,Browsed top 1/2,2024,
223,214,Renton,WA,6/18/2024,119,12.8,Alive,,2024,
221,215,Renton,WA,6/18/2024,134,16.9,Alive,,2024,
225,216,Renton,WA,6/18/2024,71,16.3,Alive,Browsed top 1/2,2024,
227,217,Renton,WA,6/18/2024,151,18.5,Alive,,2024,
,218,Renton,WA,6/18/2024,,,,,2024,
229,219,Renton,WA,6/18/2024,148,19.1,Alive,,2024,
232,220,Renton,WA,6/18/2024,135,22.5,Alive,"No tag, blue flagging",2024,
233,221,Renton,WA,6/18/2024,130,16.8,Alive,,2024,
235,222,Renton,WA,6/18/2024,121,17.8,Alive,,2024,
234,223,Renton,WA,6/18/2024,116,13.1,Alive,,2024,
237,224,Renton,WA,6/18/2024,108,15.2,Alive,,2024,
238,225,Renton,WA,6/18/2024,133,18.4,Alive,,2024,
75,1,Seattle,OR,6/17/2024,147,31.8,Alive,Black spots on leaves,2024,
,2,Seattle,OR,6/17/2024,,,Missing,,2024,
76,3,Seattle,OR,6/17/2024,123,22.2,Alive,,2024,
77,4,Seattle,OR,6/17/2024,114,27.6,Alive,,2024,
,5,Seattle,OR,6/17/2024,,,Missing,,2024,
,6,Seattle,OR,6/17/2024,,,Missing,,2024,
78,7,Seattle,OR,6/17/2024,110,23,Alive,,2024,
79,8,Seattle,OR,6/17/2024,171,32.9,Alive,,2024,
88,9,Seattle,OR,6/17/2024,124,20.7,Alive,Wound on stem,2024,
,10,Seattle,OR,6/17/2024,,,Missing,,2024,
89,11,Seattle,OR,6/17/2024,142,32,Alive,,2024,
90,12,Seattle,OR,6/17/2024,20,24.7,Alive,Wound on stem,2024,
91,13,Seattle,OR,6/17/2024,101,25.9,Alive,Extra sprouts at base,2024,
,14,Seattle,OR,6/17/2024,,,Missing,,2024,
92,15,Seattle,OR,6/17/2024,102,25.8,Alive,,2024,
93,16,Seattle,OR,6/17/2024,127,26.7,Alive,Two leaders,2024,
94,17,Seattle,OR,6/17/2024,126,25,Alive,,2024,
,18,Seattle,OR,6/17/2024,,,Missing,,2024,
105,19,Seattle,OR,6/17/2024,144,29.7,Alive,Black spots on leaves,2024,
,20,Seattle,OR,6/17/2024,,,Missing,,2024,
106,21,Seattle,OR,6/17/2024,116,28.2,Alive,,2024,
107,22,Seattle,OR,6/17/2024,129,25.3,Alive,,2024,
108,23,Seattle,OR,6/17/2024,154,26.8,Alive,Damage on stems,2024,
109,24,Seattle,OR,6/17/2024,154,38.5,Alive,Damage on stem,2024,
110,25,Seattle,OR,6/17/2024,183,36.6,Alive,,2024,
111,26,Seattle,OR,6/17/2024,55,13.4,Alive,Bites,2024,
112,27,Seattle,OR,6/17/2024,136,24.2,Alive,,2024,
113,28,Seattle,OR,6/17/2024,136,27,Alive,,2024,
,29,Seattle,OR,6/17/2024,,,Missing,,2024,
114,30,Seattle,OR,6/17/2024,136,23.6,Alive,,2024,
125,31,Seattle,OR,6/17/2024,114,21.8,Alive,,2024,
126,32,Seattle,OR,6/17/2024,121,21.5,Alive,Damage on Stem,2024,
127,33,Seattle,OR,6/17/2024,137,25.6,Alive,Extra growth,2024,
128,34,Seattle,OR,6/17/2024,142,30.8,Alive,,2024,
129,35,Seattle,OR,6/17/2024,137,28.9,Alive,,2024,
130,36,Seattle,OR,6/17/2024,150,29.2,Alive,,2024,
131,37,Seattle,OR,6/17/2024,141,34.1,Alive,,2024,
132,38,Seattle,OR,6/17/2024,141,39.9,Alive,,2024,
133,39,Seattle,OR,6/17/2024,179,33.7,Alive,,2024,
134,40,Seattle,OR,6/17/2024,137,37.8,Alive,,2024,
135,41,Seattle,OR,6/17/2024,176,33.7,Alive,,2024,
,42,Seattle,OR,6/17/2024,,,Missing,,2024,
,43,Seattle,OR,6/17/2024,,,Missing,,2024,
138,44,Seattle,OR,6/17/2024,119,23.9,Alive,,2024,
139,45,Seattle,OR,6/17/2024,124,25.1,Alive,,2024,
,46,Seattle,OR,6/17/2024,,,Missing,,2024,
,47,Seattle,OR,6/17/2024,,,Missing,,2024,
140,48,Seattle,OR,6/17/2024,139,25.3,Alive,,2024,
141,49,Seattle,OR,6/17/2024,145,33.8,Alive,,2024,
142,50,Seattle,OR,6/17/2024,171,34.6,Alive,,2024,
69,1,Seattle,WA,6/17/2024,130,27.5,Alive,,2024,
70,2,Seattle,WA,6/17/2024,110,21.3,Alive,,2024,
71,3,Seattle,WA,6/17/2024,145,31,Alive,,2024,
72,4,Seattle,WA,6/17/2024,135,28.6,Alive,,2024,
73,5,Seattle,WA,6/17/2024,135,27.2,Alive,,2024,
74,6,Seattle,WA,6/17/2024,148,37.1,Alive,,2024,
,7,Seattle,WA,6/17/2024,94,7.8,Dead,,2024,
,8,Seattle,WA,6/17/2024,,,Missing,,2024,
80,9,Seattle,WA,6/17/2024,149,30.7,Alive,,2024,
81,10,Seattle,WA,6/17/2024,148,24.6,Alive,,2024,
82,11,Seattle,WA,6/17/2024,133,30.5,Alive,,2024,
83,12,Seattle,WA,6/17/2024,111,23.7,Alive,,2024,
84,13,Seattle,WA,6/17/2024,110,15.6,Alive,,2024,
85,14,Seattle,WA,6/17/2024,131,30,Alive,,2024,
86,15,Seattle,WA,6/17/2024,115,24.6,Alive,,2024,
87,16,Seattle,WA,6/17/2024,144,37.3,Alive,,2024,
95,17,Seattle,WA,6/17/2024,140,26.1,Alive,,2024,
96,18,Seattle,WA,6/17/2024,141,27.5,Alive,,2024,
,19,Seattle,WA,6/17/2024,,,Missing,,2024,
97,20,Seattle,WA,6/17/2024,126,28.9,Alive,,2024,
98,21,Seattle,WA,6/17/2024,133,27.9,Alive,,2024,
99,22,Seattle,WA,6/17/2024,112,25.1,Alive,,2024,
100,23,Seattle,WA,6/17/2024,146,30.7,Alive,,2024,
101,24,Seattle,WA,6/17/2024,110,22.5,Alive,,2024,
102,25,Seattle,WA,6/17/2024,147,25.2,Alive,,2024,
103,26,Seattle,WA,6/17/2024,95,13,Alive,,2024,
104,27,Seattle,WA,6/17/2024,141,26.7,Alive,,2024,
,28,Seattle,WA,6/17/2024,91,20.5,Dead,,2024,
,29,Seattle,WA,6/17/2024,,,Missing,,2024,
,30,Seattle,WA,6/17/2024,,,Missing,,2024,
115,31,Seattle,WA,6/17/2024,129,24.5,Alive,,2024,
116,32,Seattle,WA,6/17/2024,170,32.9,Alive,,2024,
117,33,Seattle,WA,6/17/2024,159,29.9,Alive,,2024,
118,34,Seattle,WA,6/17/2024,142,30.4,Alive,,2024,
119,35,Seattle,WA,6/17/2024,177,40.7,Alive,,2024,
120,36,Seattle,WA,6/17/2024,163,34.9,Alive,,2024,
121,37,Seattle,WA,6/17/2024,148,34.7,Alive,,2024,
122,38,Seattle,WA,6/17/2024,166,33.2,Alive,,2024,
123,39,Seattle,WA,6/17/2024,134,30.4,Alive,,2024,
124,40,Seattle,WA,6/17/2024,137,24.2,Alive,,2024,
,41,Seattle,WA,6/17/2024,,,Missing,,2024,
,42,Seattle,WA,6/17/2024,,,Missing,,2024,
136,43,Seattle,WA,6/17/2024,123,23.1,Alive,,2024,
,44,Seattle,WA,6/17/2024,,,Missing,,2024,
,45,Seattle,WA,6/17/2024,,,Missing,,2024,
,46,Seattle,WA,6/17/2024,,,Missing,,2024,
,47,Seattle,WA,6/17/2024,,,Missing,,2024,
,48,Seattle,WA,6/17/2024,,,Missing,,2024,
137,49,Seattle,WA,6/17/2024,162,30.6,Alive,,2024,
,50,Seattle,WA,6/17/2024,,,,,2024,
,126,Swan Creek,OR,6/7/2024,102,21.4,Dead,,2024,
7,127,Swan Creek,OR,6/7/2024,111,21.5,Alive,,2024,
8,128,Swan Creek,OR,6/7/2024,123,30.7,Alive,,2024,
9,129,Swan Creek,OR,6/7/2024,164,46.1,Alive,Curved and needs a stake,2024,
10,130,Swan Creek,OR,6/7/2024,146,33.8,Alive,,2024,
11,131,Swan Creek,OR,6/7/2024,138,43.2,Alive,,2024,
,132,Swan Creek,OR,6/7/2024,,,Missing,,2024,
,133,Swan Creek,OR,6/7/2024,,,Missing,,2024,
12,134,Swan Creek,OR,6/7/2024,113,20.5,Alive,,2024,
20,135,Swan Creek,OR,6/7/2024,108,30.7,Alive,,2024,
21,136,Swan Creek,OR,6/7/2024,115,32.6,Alive,,2024,
,137,Swan Creek,OR,6/7/2024,82,18.9,Dead,,2024,
22,138,Swan Creek,OR,6/7/2024,145,23.1,Alive,,2024,
23,139,Swan Creek,OR,6/7/2024,111,22.7,Alive,,2024,
24,140,Swan Creek,OR,6/7/2024,112,23.9,Alive,,2024,
25,141,Swan Creek,OR,6/7/2024,146,27,Alive,,2024,
26,142,Swan Creek,OR,6/7/2024,89,19.2,Alive,2 leaders,2024,
,143,Swan Creek,OR,6/7/2024,,,Missing,,2024,
,144,Swan Creek,OR,6/7/2024,78,15.4,Alive,,2024,
32,145,Swan Creek,OR,6/7/2024,118,21.5,Alive,,2024,
,146,Swan Creek,OR,6/7/2024,,,Missing,,2024,
33,147,Swan Creek,OR,6/7/2024,96,19.8,Alive,,2024,
34,148,Swan Creek,OR,6/7/2024,85,16.7,Alive,,2024,
35,149,Swan Creek,OR,6/7/2024,112,25.2,Alive,,2024,
36,150,Swan Creek,OR,6/7/2024,133,36.6,Alive,,2024,
37,151,Swan Creek,OR,6/7/2024,114,23.9,Alive,,2024,
38,152,Swan Creek,OR,6/7/2024,109,21,Alive,,2024,
,153,Swan Creek,OR,6/7/2024,77,9.5,Dead,,2024,
45,154,Swan Creek,OR,6/7/2024,115,14.2,Alive,,2024,
,155,Swan Creek,OR,6/7/2024,85,12.5,Dead,,2024,
,156,Swan Creek,OR,6/7/2024,110,12.7,Dead,,2024,
46,157,Swan Creek,OR,6/7/2024,100,15,Dying,,2024,
,158,Swan Creek,OR,6/7/2024,,,Missing,,2024,
47,159,Swan Creek,OR,6/7/2024,109,19.1,Alive,,2024,
48,160,Swan Creek,OR,6/7/2024,94,11.7,Dying,,2024,
49,161,Swan Creek,OR,6/7/2024,101,19.3,Alive,,2024,
54,162,Swan Creek,OR,6/7/2024,91,15.4,Alive,,2024,
,163,Swan Creek,OR,6/7/2024,,,Missing,,2024,
55,164,Swan Creek,OR,6/7/2024,114,29.9,Alive,,2024,
56,165,Swan Creek,OR,6/7/2024,120,29.2,Alive,,2024,
57,166,Swan Creek,OR,6/7/2024,99,19.5,Dying,,2024,
58,167,Swan Creek,OR,6/7/2024,105,24,Alive,,2024,
,168,Swan Creek,OR,6/7/2024,,,Missing,,2024,
,169,Swan Creek,OR,6/7/2024,,,Missing,,2024,
,170,Swan Creek,OR,6/7/2024,,,Missing,,2024,
65,171,Swan Creek,OR,6/7/2024,123,24.7,Alive,,2024,
66,172,Swan Creek,OR,6/7/2024,122,24.8,Alive,,2024,
67,173,Swan Creek,OR,6/7/2024,79,12.8,Alive,,2024,
68,174,Swan Creek,OR,6/7/2024,106,19.3,Alive,,2024,
,175,Swan Creek,OR,6/7/2024,,,Missing,,2024,
1,126,Swan Creek,WA,6/7/2024,128,30.2,Alive,,2024,
2,127,Swan Creek,WA,6/7/2024,133,31.1,Alive,2 leaders,2024,
,128,Swan Creek,WA,6/7/2024,,,Missing,,2024,
3,129,Swan Creek,WA,6/7/2024,133,32.8,Alive,,2024,
4,130,Swan Creek,WA,6/7/2024,119,25.9,Alive,,2024,
5,131,Swan Creek,WA,6/7/2024,99,19.5,Alive,,2024,
6,132,Swan Creek,WA,6/7/2024,90,12.4,Alive,,2024,
,133,Swan Creek,WA,6/7/2024,82,11.9,Alive,,2024,
,134,Swan Creek,Wa,6/7/2024,,,Missing,,2024,
13,135,Swan Creek,WA,6/7/2024,124,26.4,Alive,,2024,
,136,Swan Creek,WA,6/7/2024,114,11.9,Dead,,2024,
14,137,Swan Creek,WA,6/7/2024,130,28.4,Alive,,2024,
15,138,Swan Creek,WA,6/7/2024,121,24.5,Alive,,2024,
16,139,Swan Creek,WA,6/7/2024,105,23.6,Alive,,2024,
17,140,Swan Creek,WA,6/7/2024,124,27.2,Alive,,2024,
18,141,Swan Creek,WA,6/7/2024,107,30.4,Alive,,2024,
,142,Swan Creek,WA,6/7/2024,,,Missing,,2024,
19,143,Swan Creek,WA,6/7/2024,112,19.3,Alive,,2024,
,144,Swan Creek,WA,6/7/2024,92,13.3,Dead,,2024,
,145,Swan Creek,WA,6/7/2024,102,17,Dead,,2024,
,146,Swan Creek,WA,6/7/2024,132,24.9,Dead,,2024,
27,147,Swan Creek,WA,6/7/2024,101,18.1,Alive,Wound at base,2024,
28,148,Swan Creek,WA,6/7/2024,125,33.6,Alive,,2024,
29,149,Swan Creek,WA,6/7/2024,101,36.5,Alive,,2024,
30,150,Swan Creek,WA,6/7/2024,186,41.7,Alive,,2024,
,151,Swan Creek,WA,6/7/2024,103,17.8,Alive,,2024,
31,152,Swan Creek,WA,6/7/2024,113,21.5,Alive,,2024,
39,153,Swan Creek,WA,6/7/2024,95,16,Alive,,2024,
40,154,Swan Creek,WA,6/7/2024,94,14,Alive,,2024,
,155,Swan Creek,WA,6/7/2024,103,13.8,Dead,,2024,
,156,Swan Creek,WA,6/7/2024,,,Missing,,2024,
41,157,Swan Creek,WA,6/7/2024,111,16.1,Alive,,2024,
42,158,Swan Creek,WA,6/7/2024,94,10.8,Dying,,2024,
43,159,Swan Creek,WA,6/7/2024,120,24.8,Alive,,2024,
,160,Swan Creek,WA,6/7/2024,85,11,Dead,,2024,
44,161,Swan Creek,WA,6/7/2024,131,24.4,Alive,,2024,
,162,Swan Creek,WA,6/7/2024,,,Missing,,2024,
50,163,Swan Creek,WA,6/7/2024,98,23.7,Alive,,2024,
,164,Swan Creek,WA,6/7/2024,95,14.6,Dead,,2024,
,165,Swan Creek,WA,6/7/2024,,,Missing,,2024,
51,166,Swan Creek,WA,6/7/2024,130,31.8,Alive,,2024,
52,167,Swan Creek,WA,6/7/2024,124,21.4,Alive,,2024,
53,168,Swan Creek,WA,6/7/2024,131,13.2,Alive,,2024,
59,169,Swan Creek,WA,6/7/2024,124,21.9,Alive,,2024,
60,170,Swan Creek,WA,6/7/2024,108,17,Dying,,2024,
,171,Swan Creek,WA,6/7/2024,,,Missing,,2024,
61,172,Swan Creek,WA,6/7/2024,111,17.4,Alive,,2024,
62,173,Swan Creek,WA,6/7/2024,90,21.5,Alive,,2024,
63,174,Swan Creek,WA,6/7/2024,130,23.7,Alive,,2024,
64,175,Swan Creek,WA,6/7/2024,106,27.1,Alive,,2024,
,51,Tomanamus,OR,7/18/2024,,,,,2024,
,52,Tomanamus,OR,7/18/2024,,,,,2024,
,53,Tomanamus,OR,7/18/2024,,,,,2024,
,54,Tomanamus,OR,7/18/2024,,,,,2024,
,55,Tomanamus,OR,7/18/2024,,,,,2024,
,56,Tomanamus,OR,7/18/2024,,,,,2024,
,57,Tomanamus,OR,7/18/2024,,,,,2024,
,58,Tomanamus,OR,7/18/2024,,,,,2024,
,59,Tomanamus,OR,7/18/2024,,,,,2024,
,60,Tomanamus,OR,7/18/2024,,,,,2024,
,61,Tomanamus,OR,7/18/2024,,,,,2024,
,62,Tomanamus,OR,7/18/2024,,,,,2024,
,63,Tomanamus,OR,7/18/2024,,,,,2024,
,64,Tomanamus,OR,7/18/2024,,,,,2024,
,65,Tomanamus,OR,7/18/2024,,,,,2024,
,66,Tomanamus,OR,7/18/2024,,,,,2024,
,67,Tomanamus,OR,7/18/2024,,,,,2024,
,68,Tomanamus,OR,7/18/2024,,,,,2024,
,69,Tomanamus,OR,7/18/2024,,,,,2024,
,70,Tomanamus,OR,7/18/2024,,,,,2024,
,71,Tomanamus,OR,7/18/2024,,,,,2024,
,72,Tomanamus,OR,7/18/2024,,,,,2024,
,73,Tomanamus,OR,7/18/2024,,,,,2024,
,74,Tomanamus,OR,7/18/2024,,,,,2024,
,75,Tomanamus,OR,7/18/2024,,,,,2024,
264,76,Tomanamus,OR,7/18/2024,92,12.5,Alive,,2024,None
265,77,Tomanamus,OR,7/18/2024,139,11.7,Dying,,2024,None
266,78,Tomanamus,OR,7/18/2024,120,12.4,Alive,,2024,None
267,79,Tomanamus,OR,7/18/2024,131,12.3,Alive,,2024,None
268,80,Tomanamus,OR,7/18/2024,112,15.7,Alive,Browsed Middle,2024,None
269,81,Tomanamus,OR,7/18/2024,126,14.9,Alive,,2024,None
270,82,Tomanamus,OR,7/18/2024,97,10.8,Alive,Browsed Middle,2024,None
271,83,Tomanamus,OR,7/18/2024,81,11,Alive,,2024,None
272,84,Tomanamus,OR,7/18/2024,100,8.5,Alive,,2024,None
273,85,Tomanamus,OR,7/18/2024,49,3.6,Alive,,2024,None
274,86,Tomanamus,OR,7/18/2024,96,13.6,Alive,Yellowing,2024,None
275,87,Tomanamus,OR,7/18/2024,88,11.7,Alive,,2024,None
276,88,Tomanamus,OR,7/18/2024,63,7.6,Alive,,2024,None
277,89,Tomanamus,OR,7/18/2024,135,9.2,Alive,,2024,None
278,90,Tomanamus,OR,7/18/2024,33,11.1,Alive,Cut in half,2024,None
279,91,Tomanamus,OR,7/18/2024,132,13.3,Alive,,2024,None
280,92,Tomanamus,OR,7/18/2024,136,13.4,Alive,,2024,None
281,93,Tomanamus,OR,7/18/2024,76,10.1,Alive,,2024,None
282,94,Tomanamus,OR,7/18/2024,116,14.2,Alive,,2024,None
284,95,Tomanamus,OR,7/18/2024,100,23.3,Alive,,2024,None
285,96,Tomanamus,OR,7/18/2024,107,11.3,Alive,,2024,None
286,97,Tomanamus,OR,7/18/2024,123,14.5,Alive,Browsed,2024,Yes
287,98,Tomanamus,OR,7/18/2024,114,12.2,Alive,,2024,None
283,99,Tomanamus,OR,7/18/2024,15.8,23,Alive,,2024,None
288,100,Tomanamus,OR,7/18/2024,158,23,Alive,,2024,None
475,101,Tomanamus,OR,7/18/2024,110,13,Alive,,2024,None
476,102,Tomanamus,OR,7/18/2024,95,12,Alive,,2024,None
477,103,Tomanamus,OR,7/18/2024,107,14.7,Alive,Browsed,2024,Yes
478,104,Tomanamus,OR,7/18/2024,86,14,Alive,Browsed,2024,Yes
479,105,Tomanamus,OR,7/18/2024,127,13.6,Alive,,2024,None
480,106,Tomanamus,OR,7/18/2024,117,20,Alive,Browsed,2024,Yes
481,107,Tomanamus,OR,7/18/2024,50,5,Dead,Browsed,2024,Yes
482,108,Tomanamus,OR,7/18/2024,121,19,Alive,,2024,None
483,109,Tomanamus,OR,7/18/2024,104,13.5,Alive,Browsed,2024,Yes
484,110,Tomanamus,OR,7/18/2024,126,21,Alive,,2024,None
485,111,Tomanamus,OR,7/18/2024,121,17.7,Alive,Browsed,2024,Yes
486,112,Tomanamus,OR,7/18/2024,89,22.4,Alive,Browsed,2024,Yes
487,113,Tomanamus,OR,7/18/2024,105,11.5,Alive,Browsed,2024,Yes
488,114,Tomanamus,OR,7/18/2024,126,13,Alive,,2024,None
489,115,Tomanamus,OR,7/18/2024,96,16,Alive,Browsed,2024,Yes
490,116,Tomanamus,OR,7/18/2024,112,15,Alive,,2024,None
491,117,Tomanamus,OR,7/18/2024,95,14.6,Alive,,2024,None
492,118,Tomanamus,OR,7/18/2024,68,13,Alive,Browsed,2024,Yes
493,119,Tomanamus,OR,7/18/2024,103,,Alive,Browsed,2024,Yes
494,120,Tomanamus,OR,7/18/2024,90,,Alive,,2024,None
495,121,Tomanamus,OR,7/18/2024,144,,Alive,Browsed,2024,Yes
496,122,Tomanamus,OR,7/18/2024,108,,Alive,Browsed,2024,Yes
497,123,Tomanamus,OR,7/18/2024,100,,Alive,,2024,None
498,124,Tomanamus,OR,7/18/2024,,,Dead,,2024,
499,125,Tomanamus,OR,7/18/2024,149,,Alive,Browsed,2024,Yes
453,51,Tomanamus,WA,7/18/2024,140,12.45,Alive,Browsed,2024,Low
454,52,Tomanamus,WA,7/18/2024,105,12.75,Alive,Browsed,2024,High
455,53,Tomanamus,WA,7/18/2024,105,11.5,Alive,Browsed,2024,High
456,54,Tomanamus,WA,7/18/2024,65,12.75,Alive,Browsed,2024,Low
457,55,Tomanamus,WA,7/18/2024,105,11.08,Alive,,2024,None
458,56,Tomanamus,WA,7/18/2024,105,11.85,Alive,Browsed,2024,High
459,57,Tomanamus,WA,7/18/2024,97,15.22,Alive,Browsed,2024,Low
460,58,Tomanamus,WA,7/18/2024,139,18,Alive,,2024,None
461,59,Tomanamus,WA,7/18/2024,67,12.5,Alive,,2024,None
462,60,Tomanamus,WA,7/18/2024,83,12.5,Alive,,2024,None
463,62,Tomanamus,WA,7/18/2024,95,15.2,Alive,,2024,None
464,,Tomanamus,WA,7/18/2024,85,14.8,Alive,,2024,None
466,63,Tomanamus,WA,7/18/2024,88,15,Alive,,2024,None
,64,Tomanamus,WA,7/18/2024,,,,,2024,
,65,Tomanamus,WA,7/18/2024,,,,,2024,
,66,Tomanamus,WA,7/18/2024,,,,,2024,
,67,Tomanamus,WA,7/18/2024,,,,,2024,
,68,Tomanamus,WA,7/18/2024,,,,,2024,
,69,Tomanamus,WA,7/18/2024,,,,,2024,
304,70,Tomanamus,WA,7/18/2024,75,14,Alive,Browsed,2024,Yes
,71,Tomanamus,WA,7/18/2024,,,,,2024,
308,72,Tomanamus,WA,7/18/2024,112,14.8,Alive,Browsed,2024,Yes
309,73,Tomanamus,WA,7/18/2024,82,18.2,Alive,Browsed,2024,Yes
310,74,Tomanamus,WA,7/18/2024,70,11,,,2024,
,75,Tomanamus,WA,7/18/2024,,,,,2024,
401,76,Tomanamus,WA,7/18/2024,116,11.6,Alive,Thimble berry,2024,None
402,77,Tomanamus,WA,7/18/2024,127,15.2,Alive,Thimble Berry,2024,None
403,78,Tomanamus,WA,7/18/2024,73,9.9,Alive,Severe Browsing,2024,Yes
404,79,Tomanamus,WA,7/18/2024,126,13.7,Alive,,2024,
405,80,Tomanamus,WA,7/18/2024,99,13.2,Alive,Browsed,2024,Yes
406,81,Tomanamus,WA,7/18/2024,98,9.1,Alive,Middle browsed,2024,Yes
407,82,Tomanamus,WA,7/18/2024,123,11.9,Alive,,2024,None
408,83,Tomanamus,WA,7/18/2024,91,15.4,Alive,,2024,None
409,84,Tomanamus,WA,7/18/2024,107,14.7,Alive,Slightly Browsed,2024,Yes
410,85,Tomanamus,WA,7/18/2024,97,11.2,Alive,Empty Middle,2024,None
411,86,Tomanamus,WA,7/18/2024,89,13.2,Alive,"Naked Middle, browsing",2024,Yes
412,87,Tomanamus,WA,7/18/2024,102,15.2,Alive,"naked middle, browsed",2024,Yes
413,88,Tomanamus,WA,7/18/2024,107,12,Alive,struggling. Browsed,2024,Yes
414,89,Tomanamus,WA,7/18/2024,114,15,Alive,Browsed,2024,YEes
415,90,Tomanamus,WA,7/18/2024,115,17,Alive,Browsed,2024,Yes
416,91,Tomanamus,WA,7/18/2024,81,8.5,Dying,"Barely alive, browsed",2024,Yes
417,92,Tomanamus,WA,7/18/2024,89,9.4,Alive,Browsed,2024,Yes
418,93,Tomanamus,WA,7/18/2024,98,15.8,Alive,,2024,None
419,94,Tomanamus,WA,7/18/2024,106,15.5,Alive,,2024,None
420,95,Tomanamus,WA,7/18/2024,66,11,Dead,,2024,
421,96,Tomanamus,WA,7/18/2024,109,13,Alive,Browsed,2024,Yes
422,97,Tomanamus,WA,7/18/2024,122,14.3,Alive,,2024,None
423,98,Tomanamus,WA,7/18/2024,92,14.6,Alive,Browsed,2024,Yes
424,99,Tomanamus,WA,7/18/2024,106,13.8,Alive,Crowded with other plants,2024,None
425,100,Tomanamus,WA,7/18/2024,123,15.1,Alive,Crowded with other plants,2024,None
426,101,Tomanamus,WA,7/18/2024,103,14,Alive,"Crowded by thimble berry, browsed",2024,Yes
427,102,Tomanamus,WA,7/18/2024,124,15,Alive,Browsed,2024,Yes
428,103,Tomanamus,WA,7/18/2024,82,14.5,Alive,Browsed,2024,Yes
429,104,Tomanamus,WA,7/18/2024,79,7.4,Dead,Browsed,2024,Yes
430,105,Tomanamus,WA,7/18/2024,90,14,Alive,Browsed,2024,Yes
431,106,Tomanamus,WA,7/18/2024,73,8.1,Alive,"Crowded by thimble berry, browsed",2024,Yes
432,107,Tomanamus,WA,7/18/2024,149,17.8,Alive,Thistle by cedar,2024,No
433,108,Tomanamus,WA,7/18/2024,130,19.6,Alive,Thistle and tree stump,2024,No
434,109,Tomanamus,WA,7/18/2024,122,17.7,Alive,"Thistle and huckleberry, browsed",2024,Yes
435,110,Tomanamus,WA,7/18/2024,89,15,Alive,"by fox glove, browsed",2024,Yes
436,111,Tomanamus,WA,7/18/2024,72,12.4,Alive,,2024,No
437,112,Tomanamus,WA,7/18/2024,95,10.9,Alive,"by fox glove, browsed",2024,Yes
438,113,Tomanamus,WA,7/18/2024,99,14.8,Alive,By fox glove and thistle,2024,No
439,114,Tomanamus,WA,7/18/2024,85,12.7,Alive,"by fox glove, browsed",2024,Yes
440,115,Tomanamus,WA,7/18/2024,86,14,Alive,"Cleaver Area/higher, browsed",2024,Yes
441,116,Tomanamus,WA,7/18/2024,101,16,Dead,"Higher elevation, browsed",2024,Yes
442,117,Tomanamus,WA,7/18/2024,98,18.3,Alive,Browsed,2024,Yes
443,118,Tomanamus,WA,7/18/2024,66,4.7,Alive,Browsed,2024,Yes
444,119,Tomanamus,WA,7/18/2024,103,14,Alive,Browsed,2024,Yes
445,120,Tomanamus,WA,7/18/2024,110,13.4,Alive,Browsed,2024,Yes
446,121,Tomanamus,WA,7/18/2024,93,11.6,Alive,"Thimbleberry, browsed",2024,Yes
447,122,Tomanamus,WA,7/18/2024,110,18.3,Alive,"Blackcap raspberry, browsed",2024,Yes
448,123,Tomanamus,WA,7/18/2024,118,19,Alive,Browsed,2024,Yes
449,124,Tomanamus,WA,7/18/2024,129,22.6,Alive,,2024,None
450,125,Tomanamus,WA,7/18/2024,131,18.6,Alive,,2024,None
301,,Tomanamus,WA,7/18/2024,104,14.6,Alive,,2024,None
302,,Tomanamus,WA,7/18/2024,110,11.7,Alive,Browsed,2024,Yes
303,,Tomanamus,WA,7/18/2024,65,11.8,Alive,Browsed,2024,Yes
306,,Tomanamus,WA,7/18/2024,100,15.5,Alive,Top and Sides browsed,2024,Yes
307,,Tomanamus,WA,7/18/2024,65,14,Alive,Browsed,2024,Yes
311,,Tomanamus,WA,7/18/2024,151,14.5,Alive,,2024,No
